﻿designator,quantity,value,pack,mpn,mount_type
", , , , , , , , , , , , , , , , , , , , , , , , , ",26,,,,tht
"C1, C2",2,22pF,C_Disc_D3.0mm_W1.6mm_P2.50mm,,tht
"CU1, CU2, CU_Caps1",3,100nF,C_Disc_D3.0mm_W1.6mm_P2.50mm,,tht
C_MCU1,1,10μF,CP_Radial_D4.0mm_P2.00mm,,tht
"D0, D1, D2, D3, D4, D5, D6, D7",8,LED,LED_D3.0mm,,tht
D8,1,1N5400,D_DO-201AD_P15.24mm_Horizontal,,tht
DC-In1,1,Barrel_Jack_Switch_Pin3Ring,BarrelJack_CUI_PJ-102AH_Horizontal,,tht
F1,1,2A,Fuseholder_Clip-5x20mm_Eaton_1A5601-01_Inline_P20.80x6.76mm_D1.70mm_Horizontal,,tht
MCU_0,1,ATmega328P-P,DIP-28_W7.62mm_Socket,,tht
"NC1, NC2, NC3, NC4, PWR_Screw1, PWR_Screw2, RGB1, RGB2, Serial_Screw1, Serial_Screw1",10,Screw Terminal,"TerminalBlock_Phoenix_MPT-0,5-2-2.54_1x02_P2.54mm_Horizontal",,tht
"R0, R1, R2, R3, R32, R33, R4, R5, R6, R7",10,330Ω,R_Axial_DIN0207_L6.3mm_D2.5mm_P7.62mm_Horizontal,,tht
"R10, R11, R12, R13, R14, R15, R16, R17, R22, R29, R30, R31, R8, R9",14,10kΩ,R_Axial_DIN0204_L3.6mm_D1.6mm_P5.08mm_Horizontal,,tht
"R18, R19, R20, R21",4,0Ω,R_Axial_DIN0204_L3.6mm_D1.6mm_P2.54mm_Vertical,,tht
"R23, R24, R25, R26, R27, R28",6,1KΩ,R_Axial_DIN0207_L6.3mm_D2.5mm_P7.62mm_Horizontal,,tht
SW0,1,SW0,SW_Toggle_Blue_SMALL,,tht
SW1,1,SW1,SW_Toggle_Blue_SMALL,,tht
SW2,1,SW2,SW_Toggle_Blue_SMALL,,tht
SW3,1,SW3,SW_Toggle_Blue_SMALL,,tht
SW4,1,SW4,SW_Toggle_Blue_SMALL,,tht
SW5,1,SW5,SW_Toggle_Blue_SMALL,,tht
SW6,1,SW6,SW_Toggle_Blue_SMALL,,tht
SW7,1,SW7,SW_Toggle_Blue_SMALL,,tht
SW_Mem1,1,SW__MEM,SW_Toggle_Blue_SMALL,,tht
SW_N1,1,NXT_BTN,SW_PUSH_6mm_H5mm,,tht
SW_Serr1,1,SW__Serr,SW_Toggle_Blue_SMALL,,tht
SW__WR1,1,SW__WR,SW_Toggle_Blue_SMALL,,tht
"T_DEC_0, T_DEC_1, T_DEC_2, T_HEX_0, T_HEX_1, T_LED1",6,2N3904,TO-92_Inline,,tht
U1,1,TPIC6C595,DIP-16_W7.62mm_Socket,,tht
U2,1,74HC165,DIP-16_W7.62mm_Socket,,tht
U_Caps1,1,74HC595,DIP-16_W7.62mm_Socket,,tht
Y1,1,16MHz,Crystal_HC49-4H_Vertical,,tht
"decimal_0, decimal_1, decimal_2, hex_0, hex_1",5,HDSP-511Y,LED_HDSP-511Y,,tht
