﻿pos_x,pos_y,rotation,side,designator,mpn,pack,value,mount_type,place
112.7,-122.46,0.0,top,,,,,tht,True
64.17,-107.5,0.0,top,,,,,tht,True
112.7,-125.0,0.0,top,,,,,tht,True
166.3,-81.0,0.0,top,,,,,tht,True
148.082,-148.209,0.0,top,,,,,tht,True
152.1,-62.38,0.0,top,,,,,tht,True
161.72,-119.02,0.0,top,,,,,tht,True
161.72,-128.1,0.0,top,,,,,tht,True
54.59,-145.94,0.0,top,,,,,tht,True
153.162,-148.209,0.0,top,,,,,tht,True
150.622,-148.209,0.0,top,,,,,tht,True
161.72,-121.56,0.0,top,,,,,tht,True
145.542,-148.209,0.0,top,,,,,tht,True
90.25,-113.5,0.0,top,,,,,tht,True
154.64,-62.38,0.0,top,,,,,tht,True
143.002,-148.209,0.0,top,,,,,tht,True
59.63,-159.01,0.0,top,,,,,tht,True
120.1,-126.96,0.0,top,,,,,tht,True
140.462,-148.209,0.0,top,,,,,tht,True
87.71,-113.5,0.0,top,,,,,tht,True
59.63,-156.47,0.0,top,,,,,tht,True
92.54,-134.32,90.0,top,,,,,tht,True
59.09,-107.5,0.0,top,,,,,tht,True
99.5,-119.8,0.0,top,,,,,tht,True
161.72,-125.56,0.0,top,,,,,tht,True
90.0,-134.32,90.0,top,,,,,tht,True
137.85,-128.7,180.0,top,C1,,C_Disc_D3.0mm_W1.6mm_P2.50mm,22pF,tht,True
128.15,-128.7,180.0,top,C2,,C_Disc_D3.0mm_W1.6mm_P2.50mm,22pF,tht,True
137.75,-113.7,0.0,top,CU1,,C_Disc_D3.0mm_W1.6mm_P2.50mm,100nF,tht,True
135.402,-148.209,0.0,top,CU2,,C_Disc_D3.0mm_W1.6mm_P2.50mm,100nF,tht,True
99.3,-137.7,180.0,top,CU_Caps1,,C_Disc_D3.0mm_W1.6mm_P2.50mm,100nF,tht,True
133.520401,-153.035,0.0,top,C_MCU1,,CP_Radial_D4.0mm_P2.00mm,10μF,tht,True
62.34,-88.11,90.0,top,D0,,LED_D3.0mm,LED,tht,True
70.34,-88.11,90.0,top,D1,,LED_D3.0mm,LED,tht,True
78.34,-88.11,90.0,top,D2,,LED_D3.0mm,LED,tht,True
86.34,-88.11,90.0,top,D3,,LED_D3.0mm,LED,tht,True
134.94,-88.105,90.0,top,D4,,LED_D3.0mm,LED,tht,True
142.94,-88.11,90.0,top,D5,,LED_D3.0mm,LED,tht,True
150.94,-88.11,90.0,top,D6,,LED_D3.0mm,LED,tht,True
158.94,-88.11,90.0,top,D7,,LED_D3.0mm,LED,tht,True
82.8,-119.08,-90.0,top,D8,,D_DO-201AD_P15.24mm_Horizontal,1N5400,tht,True
64.8,-129.7,-90.0,top,DC-In1,,BarrelJack_CUI_PJ-102AH_Horizontal,Barrel_Jack_Switch_Pin3Ring,tht,True
59.09,-113.5,0.0,top,F1,,Fuseholder_Clip-5x20mm_Eaton_1A5601-01_Inline_P20.80x6.76mm_D1.70mm_Horizontal,2A,tht,True
153.13,-137.8,-90.0,top,MCU_0,,DIP-28_W7.62mm_Socket,ATmega328P-P,tht,True
54.55,-156.47,-90.0,top,NC1,,"TerminalBlock_Phoenix_MPT-0,5-2-2.54_1x02_P2.54mm_Horizontal",Screw Terminal,tht,True
154.64,-57.3,180.0,top,NC2,,"TerminalBlock_Phoenix_MPT-0,5-2-2.54_1x02_P2.54mm_Horizontal",Screw Terminal,tht,True
166.8,-121.56,90.0,top,NC3,,"TerminalBlock_Phoenix_MPT-0,5-2-2.54_1x02_P2.54mm_Horizontal",Screw Terminal,tht,True
166.8,-128.1,90.0,top,NC4,,"TerminalBlock_Phoenix_MPT-0,5-2-2.54_1x02_P2.54mm_Horizontal",Screw Terminal,tht,True
54.59,-119.4,-90.0,top,PWR_Screw1,,"TerminalBlock_Phoenix_MPT-0,5-2-2.54_1x02_P2.54mm_Horizontal",Screw Terminal,tht,True
166.8,-115.02,90.0,top,PWR_Screw2,,"TerminalBlock_Phoenix_MPT-0,5-2-2.54_1x02_P2.54mm_Horizontal",Screw Terminal,tht,True
62.3,-92.59,-90.0,top,R0,,R_Axial_DIN0207_L6.3mm_D2.5mm_P7.62mm_Horizontal,330Ω,tht,True
70.3,-92.59,-90.0,top,R1,,R_Axial_DIN0207_L6.3mm_D2.5mm_P7.62mm_Horizontal,330Ω,tht,True
147.447,-157.353,90.0,top,R10,,R_Axial_DIN0204_L3.6mm_D1.6mm_P5.08mm_Horizontal,10kΩ,tht,True
85.598,-157.353,90.0,top,R11,,R_Axial_DIN0204_L3.6mm_D1.6mm_P5.08mm_Horizontal,10kΩ,tht,True
87.757,-157.353,90.0,top,R12,,R_Axial_DIN0204_L3.6mm_D1.6mm_P5.08mm_Horizontal,10kΩ,tht,True
89.916,-157.353,90.0,top,R13,,R_Axial_DIN0204_L3.6mm_D1.6mm_P5.08mm_Horizontal,10kΩ,tht,True
138.811,-157.353,90.0,top,R14,,R_Axial_DIN0204_L3.6mm_D1.6mm_P5.08mm_Horizontal,10kΩ,tht,True
140.97,-157.353,90.0,top,R15,,R_Axial_DIN0204_L3.6mm_D1.6mm_P5.08mm_Horizontal,10kΩ,tht,True
143.129,-157.353,90.0,top,R16,,R_Axial_DIN0204_L3.6mm_D1.6mm_P5.08mm_Horizontal,10kΩ,tht,True
145.288,-157.353,90.0,top,R17,,R_Axial_DIN0204_L3.6mm_D1.6mm_P5.08mm_Horizontal,10kΩ,tht,True
90.0,-127.72,90.0,top,R18,,R_Axial_DIN0204_L3.6mm_D1.6mm_P2.54mm_Vertical,0Ω,tht,True
93.6,-127.68,-90.0,top,R19,,R_Axial_DIN0204_L3.6mm_D1.6mm_P2.54mm_Vertical,0Ω,tht,True
78.3,-92.59,-90.0,top,R2,,R_Axial_DIN0207_L6.3mm_D2.5mm_P7.62mm_Horizontal,330Ω,tht,True
113.13,-143.1,90.0,top,R20,,R_Axial_DIN0204_L3.6mm_D1.6mm_P2.54mm_Vertical,0Ω,tht,True
115.73,-140.56,-90.0,top,R21,,R_Axial_DIN0204_L3.6mm_D1.6mm_P2.54mm_Vertical,0Ω,tht,True
115.697,-131.572,90.0,top,R22,,R_Axial_DIN0204_L3.6mm_D1.6mm_P5.08mm_Horizontal,10kΩ,tht,True
57.24,-90.865,-90.0,top,R23,,R_Axial_DIN0207_L6.3mm_D2.5mm_P7.62mm_Horizontal,1KΩ,tht,True
91.823,-102.085,0.0,top,R24,,R_Axial_DIN0207_L6.3mm_D2.5mm_P7.62mm_Horizontal,1KΩ,tht,True
115.8,-110.38,-90.0,top,R25,,R_Axial_DIN0207_L6.3mm_D2.5mm_P7.62mm_Horizontal,1KΩ,tht,True
60.41,-69.1,-90.0,top,R26,,R_Axial_DIN0207_L6.3mm_D2.5mm_P7.62mm_Horizontal,1KΩ,tht,True
68.4,-68.41,90.0,top,R27,,R_Axial_DIN0207_L6.3mm_D2.5mm_P7.62mm_Horizontal,1KΩ,tht,True
76.4,-60.79,-90.0,top,R28,,R_Axial_DIN0207_L6.3mm_D2.5mm_P7.62mm_Horizontal,1KΩ,tht,True
125.603,-148.336,-90.0,top,R29,,R_Axial_DIN0204_L3.6mm_D1.6mm_P5.08mm_Horizontal,10kΩ,tht,True
86.3,-92.59,-90.0,top,R3,,R_Axial_DIN0207_L6.3mm_D2.5mm_P7.62mm_Horizontal,330Ω,tht,True
127.762,-148.336,-90.0,top,R30,,R_Axial_DIN0204_L3.6mm_D1.6mm_P5.08mm_Horizontal,10kΩ,tht,True
129.921,-148.336,-90.0,top,R31,,R_Axial_DIN0204_L3.6mm_D1.6mm_P5.08mm_Horizontal,10kΩ,tht,True
166.3,-92.59,-90.0,top,R32,,R_Axial_DIN0207_L6.3mm_D2.5mm_P7.62mm_Horizontal,330Ω,tht,True
60.5,-139.39,0.0,top,R33,,R_Axial_DIN0207_L6.3mm_D2.5mm_P7.62mm_Horizontal,330Ω,tht,True
134.9,-92.59,-90.0,top,R4,,R_Axial_DIN0207_L6.3mm_D2.5mm_P7.62mm_Horizontal,330Ω,tht,True
142.9,-92.59,-90.0,top,R5,,R_Axial_DIN0207_L6.3mm_D2.5mm_P7.62mm_Horizontal,330Ω,tht,True
150.9,-92.59,-90.0,top,R6,,R_Axial_DIN0207_L6.3mm_D2.5mm_P7.62mm_Horizontal,330Ω,tht,True
158.9,-92.59,-90.0,top,R7,,R_Axial_DIN0207_L6.3mm_D2.5mm_P7.62mm_Horizontal,330Ω,tht,True
83.439,-157.353,90.0,top,R8,,R_Axial_DIN0204_L3.6mm_D1.6mm_P5.08mm_Horizontal,10kΩ,tht,True
158.369,-135.001,180.0,top,R9,,R_Axial_DIN0204_L3.6mm_D1.6mm_P5.08mm_Horizontal,10kΩ,tht,True
166.3,-82.41,90.0,top,RGB1,,"TerminalBlock_Phoenix_MPT-0,5-2-2.54_1x02_P2.54mm_Horizontal",Screw Terminal,tht,True
54.59,-139.4,-90.0,top,RGB2,,"TerminalBlock_Phoenix_MPT-0,5-2-2.54_1x02_P2.54mm_Horizontal",Screw Terminal,tht,True
77.65,-162.525,-90.0,top,SW0,,SW_Toggle_Blue_SMALL,SW0,tht,True
83.65,-162.525,-90.0,top,SW1,,SW_Toggle_Blue_SMALL,SW1,tht,True
89.65,-162.525,-90.0,top,SW2,,SW_Toggle_Blue_SMALL,SW2,tht,True
95.65,-162.525,-90.0,top,SW3,,SW_Toggle_Blue_SMALL,SW3,tht,True
125.65,-162.525,-90.0,top,SW4,,SW_Toggle_Blue_SMALL,SW4,tht,True
131.65,-162.525,-90.0,top,SW5,,SW_Toggle_Blue_SMALL,SW5,tht,True
137.65,-162.525,-90.0,top,SW6,,SW_Toggle_Blue_SMALL,SW6,tht,True
143.65,-162.525,-90.0,top,SW7,,SW_Toggle_Blue_SMALL,SW7,tht,True
77.65,-152.525,-90.0,top,SW_Mem1,,SW_Toggle_Blue_SMALL,SW__MEM,tht,True
150.9,-160.275,0.0,top,SW_N1,,SW_PUSH_6mm_H5mm,NXT_BTN,tht,True
95.65,-152.525,-90.0,top,SW_Serr1,,SW_Toggle_Blue_SMALL,SW__Serr,tht,True
161.9,-154.275,-90.0,top,SW__WR1,,SW_Toggle_Blue_SMALL,SW__WR,tht,True
166.3,-71.41,90.0,top,Serial_Screw1,,"TerminalBlock_Phoenix_MPT-0,5-2-2.54_1x02_P2.54mm_Horizontal",Screw Terminal,tht,True
54.55,-149.93,-90.0,top,Serial_Screw1,,"TerminalBlock_Phoenix_MPT-0,5-2-2.54_1x02_P2.54mm_Horizontal",Screw Terminal,tht,True
64.04,-67.835,-90.0,top,T_DEC_0,,TO-92_Inline,2N3904,tht,True
72.04,-67.835,-90.0,top,T_DEC_1,,TO-92_Inline,2N3904,tht,True
80.04,-67.835,-90.0,top,T_DEC_2,,TO-92_Inline,2N3904,tht,True
104.323,-100.815,-90.0,top,T_HEX_0,,TO-92_Inline,2N3904,tht,True
116.923,-100.815,-90.0,top,T_HEX_1,,TO-92_Inline,2N3904,tht,True
57.24,-80.365,-90.0,top,T_LED1,,TO-92_Inline,2N3904,tht,True
137.88,-116.8,-90.0,top,U1,,DIP-16_W7.62mm_Socket,TPIC6C595,tht,True
106.84,-147.235,0.0,top,U2,,DIP-16_W7.62mm_Socket,74HC165,tht,True
109.9,-137.7,180.0,top,U_Caps1,,DIP-16_W7.62mm_Socket,74HC595,tht,True
133.15,-133.3,180.0,top,Y1,,Crystal_HC49-4H_Vertical,16MHz,tht,True
98.04,-67.835,0.0,top,decimal_0,,LED_HDSP-511Y,HDSP-511Y,tht,True
110.64,-67.835,0.0,top,decimal_1,,LED_HDSP-511Y,HDSP-511Y,tht,True
123.24,-67.835,0.0,top,decimal_2,,LED_HDSP-511Y,HDSP-511Y,tht,True
104.34,-86.835,0.0,top,hex_0,,LED_HDSP-511Y,HDSP-511Y,tht,True
116.94,-86.835,0.0,top,hex_1,,LED_HDSP-511Y,HDSP-511Y,tht,True
